{"cameraMode":{"drawMode":0,"name":"Shaded","section":"Shading Mode"},"sceneLighting":true,"audioPlay":false,"sceneViewState":{"showFog":true,"showMaterialUpdate":false,"showSkybox":true,"showFlares":true,"showImageEffects":true,"showParticleSystems":false},"in2DMode":false,"pivot":{"x":-0.5875247120857239,"y":-3.28191876411438,"z":52.91432189941406},"rotation":{"x":-0.1531488597393036,"y":-0.11475163698196411,"z":0.017908332869410516,"w":-0.9813567996025086},"size":38.86920166015625,"orthographic":false}